Ayodya Resort Bali,Ja, 131,2019-04-23 13:20:01
Ayodya Resort Bali,Ja, 107,2019-04-26 03:20:01
Ayodya Resort Bali,Ja, 107,2019-04-24 07:20:01
Ayodya Resort Bali,Ja, 139,2019-04-27 04:20:01
Ayodya Resort Bali,Ja, 130,2019-04-26 01:20:01
Ayodya Resort Bali,Ja, 130,2019-04-25 17:20:00
Ayodya Resort Bali,Ja, 130,2019-04-25 16:20:01
Ayodya Resort Bali,Ja, 130,2019-04-24 15:20:00
Ayodya Resort Bali,Ja, 107,2019-04-24 02:20:01
Ayodya Resort Bali,Ja, 107,2019-04-24 18:20:01
Ayodya Resort Bali,Ja, 147,2019-04-24 14:20:01
Ayodya Resort Bali,Ja, 132,2019-04-25 10:20:01
Ayodya Resort Bali,Ja, 130,2019-04-24 22:20:01
Ayodya Resort Bali,Ja, 130,2019-04-26 02:20:01
Ayodya Resort Bali,Ja, 107,2019-04-26 18:20:01
Ayodya Resort Bali,Ja, 131,2019-04-25 08:20:01
Ayodya Resort Bali,Ja, 128,2019-04-23 20:20:00
Ayodya Resort Bali,Ja, 130,2019-04-23 18:20:02
Ayodya Resort Bali,Ja, 137,2019-04-23 17:20:01
Ayodya Resort Bali,Ja, 128,2019-04-23 14:20:01
Ayodya Resort Bali,Ja, 130,2019-04-24 19:20:01
Ayodya Resort Bali,Ja, 107,2019-04-26 20:20:01
Ayodya Resort Bali,Ja, 136,2019-04-23 11:20:01
Ayodya Resort Bali,Ja, 107,2019-04-27 08:20:00
Ayodya Resort Bali,Ja, 107,2019-04-26 17:20:01
Ayodya Resort Bali,Ja, 107,2019-04-25 22:20:01
Ayodya Resort Bali,Ja, 128,2019-04-23 15:20:01
Ayodya Resort Bali,Ja, 138,2019-04-27 11:20:01
Ayodya Resort Bali,Ja, 128,2019-04-23 16:20:01
Ayodya Resort Bali,Ja, 128,2019-04-23 21:20:01
Ayodya Resort Bali,Ja, 158,2019-04-26 19:20:01
Ayodya Resort Bali,Ja, 127,2019-04-25 07:20:01
Ayodya Resort Bali,Ja, 107,2019-04-25 03:20:01
Ayodya Resort Bali,Ja, 147,2019-04-24 01:20:01
Ayodya Resort Bali,Ja, 107,2019-04-24 17:20:01
Ayodya Resort Bali,Ja, 130,2019-04-26 15:20:01
Ayodya Resort Bali,Ja, 107,2019-04-27 00:20:01
Ayodya Resort Bali,Ja, 107,2019-04-25 23:20:02
Ayodya Resort Bali,Ja, 130,2019-04-25 15:20:01
Ayodya Resort Bali,Ja, 122,2019-04-27 05:20:01
Ayodya Resort Bali,Ja, 128,2019-04-24 05:20:01
Ayodya Resort Bali,Ja, 130,2019-04-26 07:20:01
Ayodya Resort Bali,Ja, 130,2019-04-26 12:20:00
Ayodya Resort Bali,Ja, 128,2019-04-24 00:20:01
Ayodya Resort Bali,Ja, 130,2019-04-25 01:20:01
Ayodya Resort Bali,Ja, 120,2019-04-25 12:20:01
Ayodya Resort Bali,Ja, 107,2019-04-24 13:20:01
Ayodya Resort Bali,Ja, 107,2019-04-24 12:20:01
Ayodya Resort Bali,Ja, 107,2019-04-26 21:20:01
Ayodya Resort Bali,Ja, 107,2019-04-24 20:20:01
Ayodya Resort Bali,Ja, 107,2019-04-27 03:20:01
Ayodya Resort Bali,Ja, 107,2019-04-24 11:20:01
Ayodya Resort Bali,Ja, 107,2019-04-24 16:20:01
Ayodya Resort Bali,Ja, 128,2019-04-25 06:20:01
Ayodya Resort Bali,Ja, 128,2019-04-23 08:57:00
Ayodya Resort Bali,Ja, 127,2019-04-26 06:20:01
Ayodya Resort Bali,Ja, 127,2019-04-25 09:20:01
Ayodya Resort Bali,Ja, 107,2019-04-25 00:20:01
Ayodya Resort Bali,Ja, 107,2019-04-27 10:20:00
Ayodya Resort Bali,Ja, 130,2019-04-26 13:20:01
Ayodya Resort Bali,Ja, 131,2019-04-25 13:20:01
Ayodya Resort Bali,Ja, 127,2019-04-26 11:20:01
Ayodya Resort Bali,Ja, 107,2019-04-26 04:20:01
Ayodya Resort Bali,Ja, 130,2019-04-24 10:20:01
Ayodya Resort Bali,Ja, 127,2019-04-26 05:20:02
Ayodya Resort Bali,Ja, 131,2019-04-24 08:20:01
Ayodya Resort Bali,Ja, 107,2019-04-27 09:20:01
Ayodya Resort Bali,Ja, 128,2019-04-23 09:20:01
Ayodya Resort Bali,Ja, 107,2019-04-27 06:20:01
Ayodya Resort Bali,Ja, 147,2019-04-24 03:20:01
Ayodya Resort Bali,Ja, 107,2019-04-27 12:20:01
Ayodya Resort Bali,Ja, 127,2019-04-26 09:20:01
Ayodya Resort Bali,Ja, 107,2019-04-27 01:20:01
Ayodya Resort Bali,Ja, 130,2019-04-25 04:20:01
Ayodya Resort Bali,Ja, 130,2019-04-26 23:20:01
Ayodya Resort Bali,Ja, 107,2019-04-24 21:20:01
Ayodya Resort Bali,Ja, 147,2019-04-25 05:20:01
Ayodya Resort Bali,Ja, 120,2019-04-25 14:20:00
Ayodya Resort Bali,Ja, 107,2019-04-24 23:20:01
Ayodya Resort Bali,Ja, 137,2019-04-23 12:20:01
Ayodya Resort Bali,Ja, 131,2019-04-23 10:20:02
Ayodya Resort Bali,Ja, 130,2019-04-26 08:20:01
Ayodya Resort Bali,Ja, 130,2019-04-25 20:20:01
Ayodya Resort Bali,Ja, 130,2019-04-26 00:20:01
Ayodya Resort Bali,Ja, 130,2019-04-26 14:20:01
Ayodya Resort Bali,Ja, 120,2019-04-25 11:20:01
Ayodya Resort Bali,Ja, 130,2019-04-24 09:20:01
Ayodya Resort Bali,Ja, 107,2019-04-27 02:20:01
Ayodya Resort Bali,Ja, 107,2019-04-24 04:20:01
Ayodya Resort Bali,Ja, 139,2019-04-25 02:20:01
Ayodya Resort Bali,Ja, 107,2019-04-25 18:20:01
Ayodya Resort Bali,Ja, 147,2019-04-24 06:20:01
Ayodya Resort Bali,Ja, 130,2019-04-25 19:20:01
Ayodya Resort Bali,Ja, 158,2019-04-27 07:20:01
Ayodya Resort Bali,Ja, 107,2019-04-25 21:20:01
Ayodya Resort Bali,Ja, 107,2019-04-26 22:20:01
Ayodya Resort Bali,Ja, 150,2019-04-23 23:20:01
Ayodya Resort Bali,Ja, 130,2019-04-23 22:20:01
Ayodya Resort Bali,Ja, 107,2019-04-27 13:20:01
Ayodya Resort Bali,Ja, 130,2019-04-26 10:20:01
Ayodya Resort Bali,Ja, 127,2019-04-26 16:20:01